<?xml version="1.0" encoding="UTF-8"?>
<!DOCTYPE mapper  PUBLIC "-//mybatis.org//DTD Mapper 3.0//EN"  "http://mybatis.org/dtd/mybatis-3-mapper.dtd">
<mapper namespace="com.sist.join.emp-mapper">
  <resultMap type="Emp" id="empList">
    <!-- 
          type : class명을 지정
          property : 변수명을 지정 
     -->
     <result property="empno" column="empno"/>
     <!-- 
             Emp.setEmpno(rs.getInt("empno"));
             empList.add(emp)
      -->
     <result property="ename" column="ename"/>
     <result property="job" column="job"/>
     <result property="mgr" column="mgr"/>
     <result property="hiredate" column="hiredate"/>
     <result property="sal" column="sal"/>
     <result property="comm" column="comm"/>
     <result property="deptno" column="deptno"/>
     <result property="dvo.dname" column="dname"/>
     <!--  dvo.setDname(rs.getString("dname")) -->
     <result property="dvo.loc" column="loc"/>
  </resultMap>
  <sql id="join-sql">
    SELECT empno,ename,job,NVL(mgr,0) as mgr,hiredate,
           sal,NVL(comm,0) as comm,emp.deptno,dname,loc
    FROM emp,dept
    WHERE emp.deptno=dept.deptno
  </sql>
  
  <select id="empdeptJoinAllData" resultMap="empList">
    <include refid="join-sql"/>
  </select>
  <select id="empdeptFindData" resultMap="empList" parameterType="int">
    <include refid="join-sql"/>
    AND empno=#{empno}
  </select>
</mapper>








