<?xml version="1.0" encoding="UTF-8"?>
<!DOCTYPE mapper  PUBLIC "-//mybatis.org//DTD Mapper 3.0//EN"  "http://mybatis.org/dtd/mybatis-3-mapper.dtd">
<mapper namespace="com.member.dao.member-mapper">
  <select id="memberIdCheck" resultType="int" parameterType="String">
   SELECT COUNT(*) FROM member
   WHERE id=#{id}
  </select>
  <select id="memberPostFind" resultType="Zipcode" parameterType="String">
   SELECT zipcode,sido,gugun,dong,NVL(bunji,' ') as bunji
   FROM zipcode
   WHERE dong LIKE '%'||#{dong}||'%'
  </select>
  <select id="memberPostCount" resultType="int" parameterType="String">
   SELECT COUNT(*)
   FROM zipcode
   WHERE dong LIKE '%'||#{dong}||'%'
  </select>
  <select id="memberInfoData" resultType="Member" parameterType="String">
   SELECT pwd,name,admin
   FROM member
   WHERE id=#{id}
  </select>
</mapper>





