<?xml version="1.0" encoding="UTF-8"?>
<beans xmlns="http://www.springframework.org/schema/beans"
	xmlns:xsi="http://www.w3.org/2001/XMLSchema-instance"
	xmlns:p="http://www.springframework.org/schema/p"
	xsi:schemaLocation="http://www.springframework.org/schema/beans http://www.springframework.org/schema/beans/spring-beans.xsd">
  <bean id="dao" class="com.sist.dao.myMemberDAO">
    <constructor-arg>
      <value>oracle.jdbc.driver.OracleDriver</value>
    </constructor-arg>
    <property name="url" value="jdbc:oracle:thin:@211.238.142.20:1521:ORCL"/>
    <property name="user" value="scott"/>
    <property name="pwd" value="tiger"/>
  </bean>
  <bean id="mc" class="com.sist.di3.MainClass" p:mdao-ref="dao"/>
</beans>
