<?xml version="1.0" encoding="UTF-8"?>
<!DOCTYPE mapper  PUBLIC "-//mybatis.org//DTD Mapper 3.0//EN"  "http://mybatis.org/dtd/mybatis-3-mapper.dtd">
<mapper namespace="com.sist.mapper.emp-mapper">
  <resultMap type="Emp" id="empList"><!-- ResultSet -->
    <result property="empno" column="empno"/>
    <!-- 
          Emp.setEmpno(rs.getInt("empno"))
     -->
     <result property="ename" column="ename"/>
     <result property="job" column="job"/>
     <result property="mgr" column="mgr"/>
     <result property="hiredate" column="hiredate"/>
     <result property="sal" column="sal"/>
     <result property="comm" column="comm"/>
     <result property="deptno" column="deptno"/>
     <result property="dvo.dname" column="dname"/>
     <!-- 
           Emp.getDvo().setDname(rs.getString("dname"))
      -->
     <result property="dvo.loc" column="loc"/>
  </resultMap>
  <sql id="emp-join">
    SELECT empno,ename,job,hiredate,dname,loc 
    FROM emp,dept 
    WHERE emp.deptno=dept.deptno
  </sql>
  <select id="empAllData" resultMap="empList" parameterType="java.util.Map">
     SELECT empno,ename,job,hiredate,dname,loc,num
     FROM (SELECT empno,ename,job,hiredate,dname,loc,rownum as num
     FROM (<include refid="emp-join"/> ORDER BY empno DESC))
     WHERE num BETWEEN #{start} AND #{end}
  </select>
  <select id="empFindData" resultMap="empList" parameterType="java.util.Map">
     <include refid="emp-join"/>
     AND ${fs} LIKE '%'||#{ss}||'%'
  </select>
  <select id="empDetailData" resultMap="empList" parameterType="int">
     SELECT empno,ename,job,hiredate,sal,comm,mgr,emp.deptno,dname,loc 
     FROM emp,dept 
     WHERE emp.deptno=dept.deptno
     AND empno=#{empno}
  </select>
  <select id="empTotalPage" resultType="int">
     SELECT CEIL(COUNT(*)/10) FROM emp
  </select>
</mapper>










