<?xml version="1.0" encoding="UTF-8"?>
<beans xmlns="http://www.springframework.org/schema/beans"
	xmlns:xsi="http://www.w3.org/2001/XMLSchema-instance"
	xmlns:aop="http://www.springframework.org/schema/aop"
	xmlns:context="http://www.springframework.org/schema/context"
	xmlns:p="http://www.springframework.org/schema/p"
	xmlns:tx="http://www.springframework.org/schema/tx"
	xmlns:util="http://www.springframework.org/schema/util"
	xsi:schemaLocation="http://www.springframework.org/schema/beans http://www.springframework.org/schema/beans/spring-beans.xsd
		http://www.springframework.org/schema/aop http://www.springframework.org/schema/aop/spring-aop-4.2.xsd
		http://www.springframework.org/schema/context http://www.springframework.org/schema/context/spring-context-4.2.xsd
		http://www.springframework.org/schema/tx http://www.springframework.org/schema/tx/spring-tx-4.2.xsd
		http://www.springframework.org/schema/util http://www.springframework.org/schema/util/spring-util-4.2.xsd">
    <!-- 
        1) AOP 등록  : 빅데이터 , 보안 , 트랜잭션 , WebSocket(4.0)
        2) Annotation등록  (*)
        3) DataSource 등록  (*)
        4) 트랜잭션 등록 
        5) AOP 설정 
        6) 클래스 등록  (*)
        7) ViewResolver등록 (*) 
        8) 보안 
        9) WebSocket 
     -->
     <context:annotation-config/>
     <!--
         @Required (반드시 처리)
         @Autowired (자동)
         @PostConstruct (init-method) 생성시
         @PreDestroy (destory-method) 소멸시 
         @Resource (특정 객체 지정)
         DI 
          = setter DI
          = Construct DI
          = method DI
      -->
      <!--  메모리 할당  : package -->
      <context:component-scan base-package="com.sist.*"/>
      <!-- 이미 만들어진 클래스 메모리 할당 (lib) -->
      <util:properties id="db" location="/WEB-INF/config/db.properties"/>
      <bean id="ds" 
         class="org.apache.commons.dbcp.BasicDataSource"
         p:driverClassName="#{db['driver']}"
         p:url="#{db['url']}"
         p:username="#{db['username']}"
         p:password="#{db['password']}"
      />
      <bean id="ssf"
         class="org.mybatis.spring.SqlSessionFactoryBean"
         p:configLocation="/WEB-INF/config/Config.xml"
         p:dataSource-ref="ds"
      />
      <bean id="sqlSessionTemplate"
         class="org.mybatis.spring.SqlSessionTemplate">
        <constructor-arg>
          <ref bean="ssf"/>
        </constructor-arg>
      </bean>
      <!-- ViewResolver -->
      <bean id="viewResolver"
         class="org.springframework.web.servlet.view.InternalResourceViewResolver"
         p:prefix="/"
         p:suffix=".jsp"
       />
</beans>







