<?xml version="1.0" encoding="UTF-8"?>
<beans xmlns="http://www.springframework.org/schema/beans"
	xmlns:xsi="http://www.w3.org/2001/XMLSchema-instance"
	xmlns:p="http://www.springframework.org/schema/p"
	xsi:schemaLocation="http://www.springframework.org/schema/beans http://www.springframework.org/schema/beans/spring-beans.xsd">
    <!-- 
          dao2
          EmpDeptSalDAO dao=new EmpDeptSalDAO(""); (error)
          dao
          EmpDeptSalDAO dao=new EmpDeptSalDAO(); 
     -->
    <bean id="dao" class="com.sist.dao2.EmpDeptSalDAO" 
     p:url="jdbc:oracle:thin:@211.238.142.20:1521:ORCL"
     p:username="scott"
     p:password="tiger"
    >
      <constructor-arg>
        <value>oracle.jdbc.driver.OracleDriver</value>
      </constructor-arg>
    </bean>
    <bean id="mc" class="com.sist.di.MainClass3"
      p:mdao-ref="dao"
    >
    </bean>
</beans>






