<?xml version="1.0" encoding="UTF-8"?>
<beans xmlns="http://www.springframework.org/schema/beans"
	xmlns:xsi="http://www.w3.org/2001/XMLSchema-instance" xmlns:context="http://www.springframework.org/schema/context"
	xmlns:p="http://www.springframework.org/schema/p"
	xsi:schemaLocation="http://www.springframework.org/schema/beans http://www.springframework.org/schema/beans/spring-beans.xsd
		http://www.springframework.org/schema/context http://www.springframework.org/schema/context/spring-context-4.2.xsd">
	<context:annotation-config />
	<context:component-scan base-package="com.sist.*" />
	<!-- <bean id="ds" class="org.apache.commons.dbcp.BasicDataSource" p:driverClassName="oracle.jdbc.driver.OracleDriver" 
		p:url="jdbc:oracle:thin:@211.238.142.20:1521:ORCL" p:username="scott" p:password="tiger" 
		/> <bean id="ssf" class="org.mybatis.spring.SqlSessionFactoryBean" p:dataSource-ref="ds" 
		p:configLocation="Config.xml" /> <bean id="sqlTemplete" class="org.mybatis.spring.SqlSessionTemplate"> 
		<constructor-arg ref="ssf"/> </bean> -->
	<!-- <bean id="dao" class="com.sist.dao.EmpDAO" p:sqlSessionTemplate-ref="sqlTemplete" 
		/> <bean id="mc" class="com.sist.anno3.MainClass" p:dao-ref="dao" /> -->
</beans>









